﻿<?xml version="1.0" encoding="utf-8" ?>
<root xmlns:M="https://www.topgear-wipro.com"
xmlns:J="https://www.topgear-wipro.com">
  <M:Envelope>
    <M:Body>
      <M:purchaseOrder orderDate="2003-09-22">
        <M:accountName>Amazon.com</M:accountName>
        <M:accountNumber>923</M:accountNumber>
        <M:address>
          <M:name>Amazon.com</M:name>
          <M:street>1850 Mercer Drive</M:street>
          <M:city>Lexington</M:city>
          <M:state>KY</M:state>
          <M:zip>40511</M:zip>
        </M:address>
        <M:book>
          <M:title>J2EE Web Services</M:title>
          <M:quantity>300</M:quantity>
          <M:wholesale-price>29.99</M:wholesale-price>
        </M:book>
        <M:total>8997.00</M:total>
      </M:purchaseOrder>
    </M:Body>
  </M:Envelope>
  <J:Envelope>
    <J:Body>
      <J:Delivery DeliveryDate="2003-09-22">
        <J:Name>Manoj</J:Name>
        <J:mobileNumber>9597326381</J:mobileNumber>
        <J:address>
          <J:street>Sambath Street</J:street>
          <J:city>India</J:city>
          <J:state>TN</J:state>
        </J:address>
        <J:book>
          <J:title>J2EE Web Services</J:title>
          <J:quantity>300</J:quantity>
          <J:wholesale-price>29.99</J:wholesale-price>
        </J:book>
        <J:total>8997.00</J:total>
      </J:Delivery>
    </J:Body>
  </J:Envelope>
</root>
